Threads,Size,Time
1,200,0.023424
1,400,0.187107
1,800,1.541669
1,1200,5.177141
1,1600,12.596159
1,2000,26.478161
2,200,0.016467
2,400,0.120592
2,800,1.014288
2,1200,3.362546
2,1600,7.898247
2,2000,15.409519
4,200,0.006502
4,400,0.047436
4,800,0.426364
4,1200,1.455124
4,1600,3.389405
4,2000,8.346875
8,200,0.005573
8,400,0.040587
8,800,0.318514
8,1200,1.076541
8,1600,2.466894
8,2000,4.893688
