Size,Threads,Time
200,1,0.021740
400,1,0.178850
800,1,1.510273
1200,1,8.547699
1600,1,25.865467
2000,1,42.302319
200,2,0.021910
400,2,0.177046
800,2,1.908976
1200,2,9.813962
1600,2,23.069996
2000,2,42.372171
200,4,0.021334
400,4,0.176691
800,4,1.604384
1200,4,9.697400
1600,4,23.226107
2000,4,42.842755
200,8,0.022598
400,8,0.186045
800,8,1.768514
1200,8,9.629538
1600,8,23.755357
2000,8,44.019776
