Size,BlockSize,Time_sec,GFLOPS
1024,8,0.024800,86.59
1024,16,0.023298,92.17
1024,32,0.025910,82.88
2048,8,0.204133,84.16
2048,16,0.230072,74.67
2048,32,0.319666,53.74
3072,8,0.682795,84.92
3072,16,0.769917,75.31
3072,32,1.109972,52.24
